[{"model": "admin.logentry", "pk": 1, "fields": {"action_time": "2021-03-16T11:56:25.684Z", "user": 1, "content_type": 8, "object_id": "1", "object_repr": "friendorfaux6@gmail.com", "action_flag": 1, "change_message": "[{\"added\": {}}]"}}, {"model": "admin.logentry", "pk": 2, "fields": {"action_time": "2021-03-16T12:09:27.148Z", "user": 1, "content_type": 16, "object_id": "1", "object_repr": "Thursday", "action_flag": 1, "change_message": "[{\"added\": {}}, {\"added\": {\"name\": \"timeslot\", \"object\": \"Timeslot object (1)\"}}]"}}, {"model": "admin.logentry", "pk": 3, "fields": {"action_time": "2021-03-16T12:13:51.522Z", "user": 1, "content_type": 16, "object_id": "1", "object_repr": "Thursday", "action_flag": 2, "change_message": "[{\"added\": {\"name\": \"timeslot\", \"object\": \"Timeslot object (2)\"}}]"}}, {"model": "admin.logentry", "pk": 4, "fields": {"action_time": "2021-03-16T12:13:58.291Z", "user": 1, "content_type": 16, "object_id": "1", "object_repr": "Thursday", "action_flag": 2, "change_message": "[{\"changed\": {\"name\": \"timeslot\", \"object\": \"Timeslot object (2)\", \"fields\": [\"Available slots\"]}}]"}}, {"model": "admin.logentry", "pk": 5, "fields": {"action_time": "2021-03-16T12:25:41.062Z", "user": 1, "content_type": 18, "object_id": "2", "object_repr": "Timeslot object (2)", "action_flag": 3, "change_message": ""}}, {"model": "admin.logentry", "pk": 6, "fields": {"action_time": "2021-03-16T12:25:41.065Z", "user": 1, "content_type": 18, "object_id": "1", "object_repr": "Timeslot object (1)", "action_flag": 3, "change_message": ""}}, {"model": "admin.logentry", "pk": 7, "fields": {"action_time": "2021-03-16T12:26:12.148Z", "user": 1, "content_type": 16, "object_id": "1", "object_repr": "Thursday", "action_flag": 3, "change_message": ""}}, {"model": "admin.logentry", "pk": 8, "fields": {"action_time": "2021-03-16T13:14:13.341Z", "user": 1, "content_type": 16, "object_id": "2", "object_repr": "Thursday", "action_flag": 1, "change_message": "[{\"added\": {}}]"}}, {"model": "admin.logentry", "pk": 9, "fields": {"action_time": "2021-03-16T13:38:12.238Z", "user": 1, "content_type": 16, "object_id": "2", "object_repr": "Thursday", "action_flag": 3, "change_message": ""}}, {"model": "admin.logentry", "pk": 10, "fields": {"action_time": "2021-03-16T13:38:24.490Z", "user": 1, "content_type": 16, "object_id": "3", "object_repr": "Thursday", "action_flag": 1, "change_message": "[{\"added\": {}}]"}}, {"model": "admin.logentry", "pk": 11, "fields": {"action_time": "2021-03-16T13:52:22.009Z", "user": 1, "content_type": 18, "object_id": "4", "object_repr": "Timeslot object (4)", "action_flag": 3, "change_message": ""}}, {"model": "admin.logentry", "pk": 12, "fields": {"action_time": "2021-03-16T13:52:22.013Z", "user": 1, "content_type": 18, "object_id": "3", "object_repr": "Timeslot object (3)", "action_flag": 3, "change_message": ""}}, {"model": "admin.logentry", "pk": 13, "fields": {"action_time": "2021-03-16T14:00:06.420Z", "user": 1, "content_type": 16, "object_id": "3", "object_repr": "Thursday", "action_flag": 2, "change_message": "[{\"added\": {\"name\": \"timeslot\", \"object\": \"Timeslot object (5)\"}}]"}}, {"model": "admin.logentry", "pk": 14, "fields": {"action_time": "2021-03-16T14:00:12.333Z", "user": 1, "content_type": 16, "object_id": "3", "object_repr": "Thursday", "action_flag": 2, "change_message": "[{\"changed\": {\"name\": \"timeslot\", \"object\": \"Timeslot object (5)\", \"fields\": [\"Available slots\"]}}]"}}, {"model": "admin.logentry", "pk": 15, "fields": {"action_time": "2021-03-16T14:00:25.283Z", "user": 1, "content_type": 16, "object_id": "3", "object_repr": "Thursday", "action_flag": 2, "change_message": "[{\"added\": {\"name\": \"timeslot\", \"object\": \"Timeslot object (6)\"}}]"}}, {"model": "admin.logentry", "pk": 16, "fields": {"action_time": "2021-03-16T15:24:39.460Z", "user": 1, "content_type": 18, "object_id": "7", "object_repr": "Timeslot object (7)", "action_flag": 3, "change_message": ""}}, {"model": "admin.logentry", "pk": 17, "fields": {"action_time": "2021-03-16T15:24:39.464Z", "user": 1, "content_type": 18, "object_id": "6", "object_repr": "Timeslot object (6)", "action_flag": 3, "change_message": ""}}, {"model": "admin.logentry", "pk": 18, "fields": {"action_time": "2021-03-16T15:24:39.465Z", "user": 1, "content_type": 18, "object_id": "5", "object_repr": "Timeslot object (5)", "action_flag": 3, "change_message": ""}}, {"model": "admin.logentry", "pk": 19, "fields": {"action_time": "2021-03-16T15:25:35.384Z", "user": 1, "content_type": 16, "object_id": "3", "object_repr": "Thursday", "action_flag": 3, "change_message": ""}}, {"model": "admin.logentry", "pk": 20, "fields": {"action_time": "2021-03-16T15:28:51.881Z", "user": 1, "content_type": 16, "object_id": "1", "object_repr": "Thursday", "action_flag": 1, "change_message": "[{\"added\": {}}, {\"added\": {\"name\": \"timeslot\", \"object\": \"Timeslot object (1)\"}}]"}}, {"model": "admin.logentry", "pk": 21, "fields": {"action_time": "2021-03-16T20:21:37.397Z", "user": 1, "content_type": 18, "object_id": "3", "object_repr": "Timeslot object (3)", "action_flag": 2, "change_message": "[{\"changed\": {\"fields\": [\"Day\"]}}]"}}, {"model": "admin.logentry", "pk": 22, "fields": {"action_time": "2021-03-18T11:15:57.705Z", "user": 1, "content_type": 13, "object_id": "1", "object_repr": "pizza", "action_flag": 1, "change_message": "[{\"added\": {}}]"}}, {"model": "admin.logentry", "pk": 23, "fields": {"action_time": "2021-03-18T11:16:21.135Z", "user": 1, "content_type": 13, "object_id": "2", "object_repr": "sides", "action_flag": 1, "change_message": "[{\"added\": {}}]"}}, {"model": "admin.logentry", "pk": 24, "fields": {"action_time": "2021-03-18T11:16:31.424Z", "user": 1, "content_type": 13, "object_id": "1", "object_repr": "pizza", "action_flag": 2, "change_message": "[{\"changed\": {\"fields\": [\"Friendly name\"]}}]"}}, {"model": "admin.logentry", "pk": 25, "fields": {"action_time": "2021-03-18T11:16:48.879Z", "user": 1, "content_type": 13, "object_id": "3", "object_repr": "sweets", "action_flag": 1, "change_message": "[{\"added\": {}}]"}}, {"model": "admin.logentry", "pk": 26, "fields": {"action_time": "2021-03-18T11:16:57.886Z", "user": 1, "content_type": 13, "object_id": "4", "object_repr": "drinks", "action_flag": 1, "change_message": "[{\"added\": {}}]"}}, {"model": "admin.logentry", "pk": 27, "fields": {"action_time": "2021-03-18T11:17:04.880Z", "user": 1, "content_type": 13, "object_id": "3", "object_repr": "sweets", "action_flag": 2, "change_message": "[]"}}, {"model": "admin.logentry", "pk": 28, "fields": {"action_time": "2021-03-18T11:18:49.741Z", "user": 1, "content_type": 14, "object_id": "1", "object_repr": "peanut", "action_flag": 1, "change_message": "[{\"added\": {}}]"}}, {"model": "admin.logentry", "pk": 29, "fields": {"action_time": "2021-03-18T11:18:58.451Z", "user": 1, "content_type": 14, "object_id": "2", "object_repr": "nuts", "action_flag": 1, "change_message": "[{\"added\": {}}]"}}, {"model": "admin.logentry", "pk": 30, "fields": {"action_time": "2021-03-18T11:19:06.035Z", "user": 1, "content_type": 14, "object_id": "3", "object_repr": "gluten", "action_flag": 1, "change_message": "[{\"added\": {}}]"}}, {"model": "admin.logentry", "pk": 31, "fields": {"action_time": "2021-03-18T11:24:12.397Z", "user": 1, "content_type": 15, "object_id": "1", "object_repr": "Pepperoni", "action_flag": 2, "change_message": "[{\"changed\": {\"fields\": [\"Image url\", \"Image\"]}}]"}}, {"model": "admin.logentry", "pk": 32, "fields": {"action_time": "2021-03-18T11:24:49.015Z", "user": 1, "content_type": 15, "object_id": "1", "object_repr": "Pepperoni", "action_flag": 3, "change_message": ""}}, {"model": "admin.logentry", "pk": 33, "fields": {"action_time": "2021-03-18T11:26:49.717Z", "user": 1, "content_type": 15, "object_id": "2", "object_repr": "Triple Cheese", "action_flag": 1, "change_message": "[{\"added\": {}}]"}}, {"model": "admin.logentry", "pk": 34, "fields": {"action_time": "2021-03-18T11:27:19.792Z", "user": 1, "content_type": 15, "object_id": "2", "object_repr": "Triple Cheese", "action_flag": 2, "change_message": "[{\"changed\": {\"fields\": [\"Image url\"]}}]"}}, {"model": "admin.logentry", "pk": 35, "fields": {"action_time": "2021-03-18T11:27:39.923Z", "user": 1, "content_type": 15, "object_id": "2", "object_repr": "Triple Cheese", "action_flag": 2, "change_message": "[]"}}, {"model": "admin.logentry", "pk": 36, "fields": {"action_time": "2021-03-18T11:35:50.521Z", "user": 1, "content_type": 15, "object_id": "2", "object_repr": "Triple Cheese", "action_flag": 2, "change_message": "[{\"changed\": {\"fields\": [\"Image url\"]}}]"}}, {"model": "admin.logentry", "pk": 37, "fields": {"action_time": "2021-03-18T14:13:59.971Z", "user": 1, "content_type": 15, "object_id": "3", "object_repr": "Pancetta & Sprout", "action_flag": 1, "change_message": "[{\"added\": {}}]"}}, {"model": "admin.logentry", "pk": 38, "fields": {"action_time": "2021-03-18T14:14:54.925Z", "user": 1, "content_type": 15, "object_id": "3", "object_repr": "Pancetta & Sprout", "action_flag": 2, "change_message": "[]"}}, {"model": "admin.logentry", "pk": 39, "fields": {"action_time": "2021-03-18T14:16:44.365Z", "user": 1, "content_type": 15, "object_id": "4", "object_repr": "Cauliflower Cheese", "action_flag": 1, "change_message": "[{\"added\": {}}]"}}, {"model": "admin.logentry", "pk": 40, "fields": {"action_time": "2021-03-18T14:17:34.486Z", "user": 1, "content_type": 15, "object_id": "2", "object_repr": "Triple Cheese", "action_flag": 2, "change_message": "[]"}}, {"model": "admin.logentry", "pk": 41, "fields": {"action_time": "2021-03-18T14:18:38.815Z", "user": 1, "content_type": 15, "object_id": "5", "object_repr": "Margherita", "action_flag": 1, "change_message": "[{\"added\": {}}]"}}, {"model": "admin.logentry", "pk": 42, "fields": {"action_time": "2021-03-18T14:20:33.340Z", "user": 1, "content_type": 15, "object_id": "6", "object_repr": "Garlic Mushroom", "action_flag": 1, "change_message": "[{\"added\": {}}]"}}, {"model": "admin.logentry", "pk": 43, "fields": {"action_time": "2021-03-18T14:20:46.208Z", "user": 1, "content_type": 15, "object_id": "2", "object_repr": "Triple Cheese", "action_flag": 2, "change_message": "[{\"changed\": {\"fields\": [\"Vegetarian\"]}}]"}}, {"model": "admin.logentry", "pk": 44, "fields": {"action_time": "2021-03-18T14:22:33.696Z", "user": 1, "content_type": 15, "object_id": "7", "object_repr": "N'Duja", "action_flag": 1, "change_message": "[{\"added\": {}}]"}}, {"model": "admin.logentry", "pk": 45, "fields": {"action_time": "2021-03-18T14:24:00.277Z", "user": 1, "content_type": 15, "object_id": "8", "object_repr": "Pear, Pistachio and Roquefort", "action_flag": 1, "change_message": "[{\"added\": {}}]"}}, {"model": "admin.logentry", "pk": 46, "fields": {"action_time": "2021-03-18T14:26:31.134Z", "user": 1, "content_type": 15, "object_id": "9", "object_repr": "Pepperoni", "action_flag": 1, "change_message": "[{\"added\": {}}]"}}, {"model": "admin.logentry", "pk": 47, "fields": {"action_time": "2021-03-18T14:27:52.246Z", "user": 1, "content_type": 15, "object_id": "10", "object_repr": "Prosciutto & Basil", "action_flag": 1, "change_message": "[{\"added\": {}}]"}}, {"model": "admin.logentry", "pk": 48, "fields": {"action_time": "2021-03-18T14:29:28.177Z", "user": 1, "content_type": 15, "object_id": "11", "object_repr": "Pulled Pork and Burnt Pineapple", "action_flag": 1, "change_message": "[{\"added\": {}}]"}}, {"model": "admin.logentry", "pk": 49, "fields": {"action_time": "2021-03-18T14:32:27.974Z", "user": 1, "content_type": 15, "object_id": "12", "object_repr": "Truffle Shuffle", "action_flag": 1, "change_message": "[{\"added\": {}}]"}}, {"model": "admin.logentry", "pk": 50, "fields": {"action_time": "2021-03-18T14:33:33.770Z", "user": 1, "content_type": 15, "object_id": "8", "object_repr": "Pear, Pistachio and Roquefort", "action_flag": 2, "change_message": "[{\"changed\": {\"fields\": [\"Image url\", \"Image\"]}}]"}}, {"model": "admin.logentry", "pk": 51, "fields": {"action_time": "2021-03-18T14:35:49.907Z", "user": 1, "content_type": 15, "object_id": "13", "object_repr": "Ricotta, Chili and Lemon", "action_flag": 1, "change_message": "[{\"added\": {}}]"}}, {"model": "admin.logentry", "pk": 52, "fields": {"action_time": "2021-03-18T14:36:13.597Z", "user": 1, "content_type": 15, "object_id": "13", "object_repr": "Ricotta, Chili and Lemon", "action_flag": 2, "change_message": "[{\"changed\": {\"fields\": [\"Image\"]}}]"}}, {"model": "admin.logentry", "pk": 53, "fields": {"action_time": "2021-03-18T14:38:16.664Z", "user": 1, "content_type": 15, "object_id": "14", "object_repr": "Chicken Wings", "action_flag": 1, "change_message": "[{\"added\": {}}]"}}, {"model": "admin.logentry", "pk": 54, "fields": {"action_time": "2021-03-18T14:39:23.476Z", "user": 1, "content_type": 15, "object_id": "15", "object_repr": "Garlic Bread", "action_flag": 1, "change_message": "[{\"added\": {}}]"}}, {"model": "admin.logentry", "pk": 55, "fields": {"action_time": "2021-03-18T14:40:45.763Z", "user": 1, "content_type": 15, "object_id": "16", "object_repr": "Burnt Basque Cheesecake", "action_flag": 1, "change_message": "[{\"added\": {}}]"}}, {"model": "admin.logentry", "pk": 56, "fields": {"action_time": "2021-03-18T14:42:04.792Z", "user": 1, "content_type": 15, "object_id": "17", "object_repr": "Miso Choc Chip Cookies", "action_flag": 1, "change_message": "[{\"added\": {}}]"}}, {"model": "admin.logentry", "pk": 57, "fields": {"action_time": "2021-03-18T14:42:33.396Z", "user": 1, "content_type": 15, "object_id": "14", "object_repr": "Chicken Wings", "action_flag": 2, "change_message": "[{\"changed\": {\"fields\": [\"Description\"]}}]"}}, {"model": "admin.logentry", "pk": 58, "fields": {"action_time": "2021-03-18T14:43:35.114Z", "user": 1, "content_type": 15, "object_id": "18", "object_repr": "Coke", "action_flag": 1, "change_message": "[{\"added\": {}}]"}}, {"model": "admin.logentry", "pk": 59, "fields": {"action_time": "2021-03-18T14:44:16.625Z", "user": 1, "content_type": 15, "object_id": "19", "object_repr": "Diet Coke", "action_flag": 1, "change_message": "[{\"added\": {}}]"}}, {"model": "admin.logentry", "pk": 60, "fields": {"action_time": "2021-03-18T14:44:47.537Z", "user": 1, "content_type": 15, "object_id": "20", "object_repr": "Coke Zero", "action_flag": 1, "change_message": "[{\"added\": {}}]"}}, {"model": "admin.logentry", "pk": 61, "fields": {"action_time": "2021-03-18T14:45:25.119Z", "user": 1, "content_type": 15, "object_id": "21", "object_repr": "Fanta Orange", "action_flag": 1, "change_message": "[{\"added\": {}}]"}}, {"model": "admin.logentry", "pk": 62, "fields": {"action_time": "2021-03-18T14:45:36.495Z", "user": 1, "content_type": 15, "object_id": "18", "object_repr": "Coke", "action_flag": 2, "change_message": "[{\"changed\": {\"fields\": [\"Image\"]}}]"}}, {"model": "admin.logentry", "pk": 63, "fields": {"action_time": "2021-03-18T14:46:03.191Z", "user": 1, "content_type": 15, "object_id": "21", "object_repr": "Fanta Orange", "action_flag": 2, "change_message": "[{\"changed\": {\"fields\": [\"Description\"]}}]"}}, {"model": "admin.logentry", "pk": 64, "fields": {"action_time": "2021-03-18T14:46:42.428Z", "user": 1, "content_type": 15, "object_id": "22", "object_repr": "Fanta Lemon", "action_flag": 1, "change_message": "[{\"added\": {}}]"}}, {"model": "admin.logentry", "pk": 65, "fields": {"action_time": "2021-03-18T14:47:43.202Z", "user": 1, "content_type": 15, "object_id": "23", "object_repr": "Sprite", "action_flag": 1, "change_message": "[{\"added\": {}}]"}}, {"model": "admin.logentry", "pk": 66, "fields": {"action_time": "2021-03-18T14:48:44.366Z", "user": 1, "content_type": 16, "object_id": "5", "object_repr": "Friday", "action_flag": 1, "change_message": "[{\"added\": {}}, {\"added\": {\"name\": \"timeslot\", \"object\": \"Timeslot object (5)\"}}, {\"added\": {\"name\": \"timeslot\", \"object\": \"Timeslot object (6)\"}}]"}}, {"model": "admin.logentry", "pk": 67, "fields": {"action_time": "2021-03-18T14:50:10.698Z", "user": 1, "content_type": 16, "object_id": "1", "object_repr": "Thursday", "action_flag": 2, "change_message": "[{\"added\": {\"name\": \"timeslot\", \"object\": \"Timeslot object (7)\"}}, {\"added\": {\"name\": \"timeslot\", \"object\": \"Timeslot object (8)\"}}, {\"added\": {\"name\": \"timeslot\", \"object\": \"Timeslot object (9)\"}}, {\"added\": {\"name\": \"timeslot\", \"object\": \"Timeslot object (10)\"}}, {\"added\": {\"name\": \"timeslot\", \"object\": \"Timeslot object (11)\"}}, {\"added\": {\"name\": \"timeslot\", \"object\": \"Timeslot object (12)\"}}, {\"added\": {\"name\": \"timeslot\", \"object\": \"Timeslot object (13)\"}}, {\"changed\": {\"name\": \"timeslot\", \"object\": \"Timeslot object (1)\", \"fields\": [\"Start Time\", \"End Time\", \"Available slots\"]}}]"}}, {"model": "admin.logentry", "pk": 68, "fields": {"action_time": "2021-03-18T14:52:28.492Z", "user": 1, "content_type": 16, "object_id": "5", "object_repr": "Friday", "action_flag": 2, "change_message": "[{\"added\": {\"name\": \"timeslot\", \"object\": \"Timeslot object (14)\"}}, {\"added\": {\"name\": \"timeslot\", \"object\": \"Timeslot object (15)\"}}, {\"added\": {\"name\": \"timeslot\", \"object\": \"Timeslot object (16)\"}}, {\"added\": {\"name\": \"timeslot\", \"object\": \"Timeslot object (17)\"}}, {\"added\": {\"name\": \"timeslot\", \"object\": \"Timeslot object (18)\"}}, {\"added\": {\"name\": \"timeslot\", \"object\": \"Timeslot object (19)\"}}]"}}, {"model": "admin.logentry", "pk": 69, "fields": {"action_time": "2021-03-18T14:54:35.887Z", "user": 1, "content_type": 16, "object_id": "6", "object_repr": "Saturday", "action_flag": 1, "change_message": "[{\"added\": {}}, {\"added\": {\"name\": \"timeslot\", \"object\": \"Timeslot object (20)\"}}, {\"added\": {\"name\": \"timeslot\", \"object\": \"Timeslot object (21)\"}}, {\"added\": {\"name\": \"timeslot\", \"object\": \"Timeslot object (22)\"}}, {\"added\": {\"name\": \"timeslot\", \"object\": \"Timeslot object (23)\"}}, {\"added\": {\"name\": \"timeslot\", \"object\": \"Timeslot object (24)\"}}, {\"added\": {\"name\": \"timeslot\", \"object\": \"Timeslot object (25)\"}}, {\"added\": {\"name\": \"timeslot\", \"object\": \"Timeslot object (26)\"}}, {\"added\": {\"name\": \"timeslot\", \"object\": \"Timeslot object (27)\"}}, {\"added\": {\"name\": \"timeslot\", \"object\": \"Timeslot object (28)\"}}, {\"added\": {\"name\": \"timeslot\", \"object\": \"Timeslot object (29)\"}}, {\"added\": {\"name\": \"timeslot\", \"object\": \"Timeslot object (30)\"}}, {\"added\": {\"name\": \"timeslot\", \"object\": \"Timeslot object (31)\"}}]"}}, {"model": "admin.logentry", "pk": 70, "fields": {"action_time": "2021-03-20T10:48:30.051Z", "user": 1, "content_type": 14, "object_id": "3", "object_repr": "gluten", "action_flag": 3, "change_message": ""}}, {"model": "admin.logentry", "pk": 71, "fields": {"action_time": "2021-03-20T10:48:30.054Z", "user": 1, "content_type": 14, "object_id": "2", "object_repr": "nuts", "action_flag": 3, "change_message": ""}}, {"model": "admin.logentry", "pk": 72, "fields": {"action_time": "2021-03-20T10:48:30.055Z", "user": 1, "content_type": 14, "object_id": "1", "object_repr": "peanut", "action_flag": 3, "change_message": ""}}, {"model": "admin.logentry", "pk": 73, "fields": {"action_time": "2021-03-20T11:07:09.015Z", "user": 1, "content_type": 14, "object_id": "4", "object_repr": "nuts", "action_flag": 1, "change_message": "[{\"added\": {}}]"}}, {"model": "admin.logentry", "pk": 74, "fields": {"action_time": "2021-03-20T11:07:14.655Z", "user": 1, "content_type": 14, "object_id": "5", "object_repr": "peanut", "action_flag": 1, "change_message": "[{\"added\": {}}]"}}, {"model": "admin.logentry", "pk": 75, "fields": {"action_time": "2021-03-20T11:15:05.462Z", "user": 1, "content_type": 15, "object_id": "16", "object_repr": "Burnt Basque Cheesecake", "action_flag": 2, "change_message": "[{\"added\": {\"name\": \"menuitem-allergens relationship\", \"object\": \"MenuItem_allergens object (1)\"}}, {\"added\": {\"name\": \"menuitem-allergens relationship\", \"object\": \"MenuItem_allergens object (2)\"}}]"}}, {"model": "admin.logentry", "pk": 76, "fields": {"action_time": "2021-03-20T11:15:16.413Z", "user": 1, "content_type": 15, "object_id": "16", "object_repr": "Burnt Basque Cheesecake", "action_flag": 2, "change_message": "[{\"deleted\": {\"name\": \"menuitem-allergens relationship\", \"object\": \"MenuItem_allergens object (None)\"}}, {\"deleted\": {\"name\": \"menuitem-allergens relationship\", \"object\": \"MenuItem_allergens object (None)\"}}]"}}, {"model": "admin.logentry", "pk": 77, "fields": {"action_time": "2021-03-21T12:05:27.761Z", "user": 1, "content_type": 19, "object_id": "16", "object_repr": "ACDF7DAA5D9E4F5BB130D4995C18808C", "action_flag": 3, "change_message": ""}}, {"model": "admin.logentry", "pk": 78, "fields": {"action_time": "2021-03-21T12:05:27.766Z", "user": 1, "content_type": 19, "object_id": "15", "object_repr": "178EAA816808490BAAA6F44970077500", "action_flag": 3, "change_message": ""}}, {"model": "admin.logentry", "pk": 79, "fields": {"action_time": "2021-03-21T12:05:27.767Z", "user": 1, "content_type": 19, "object_id": "14", "object_repr": "5F999A2CC6D444DE82974843CB335016", "action_flag": 3, "change_message": ""}}, {"model": "admin.logentry", "pk": 80, "fields": {"action_time": "2021-03-21T12:05:27.768Z", "user": 1, "content_type": 19, "object_id": "13", "object_repr": "8082F8E4658D42CAAF546279997EE0A6", "action_flag": 3, "change_message": ""}}, {"model": "admin.logentry", "pk": 81, "fields": {"action_time": "2021-03-21T12:05:27.770Z", "user": 1, "content_type": 19, "object_id": "12", "object_repr": "CC80E0836B9F4FBF969A29991C62F4C4", "action_flag": 3, "change_message": ""}}, {"model": "admin.logentry", "pk": 82, "fields": {"action_time": "2021-03-21T12:05:27.771Z", "user": 1, "content_type": 19, "object_id": "11", "object_repr": "2D28E0F0C4934023BE77049636199D59", "action_flag": 3, "change_message": ""}}, {"model": "admin.logentry", "pk": 83, "fields": {"action_time": "2021-03-21T12:05:27.772Z", "user": 1, "content_type": 19, "object_id": "10", "object_repr": "CC73311D3DE346F7B558A639F426D57A", "action_flag": 3, "change_message": ""}}, {"model": "admin.logentry", "pk": 84, "fields": {"action_time": "2021-03-21T12:05:27.774Z", "user": 1, "content_type": 19, "object_id": "9", "object_repr": "8C7265F808F342048C27E62AA9265AD3", "action_flag": 3, "change_message": ""}}, {"model": "admin.logentry", "pk": 85, "fields": {"action_time": "2021-03-21T12:05:27.775Z", "user": 1, "content_type": 19, "object_id": "8", "object_repr": "9D1F4DA3982544BBBB26B832E11057B3", "action_flag": 3, "change_message": ""}}, {"model": "admin.logentry", "pk": 86, "fields": {"action_time": "2021-03-21T12:05:27.776Z", "user": 1, "content_type": 19, "object_id": "7", "object_repr": "F70BC08284FA424D96E61F8F07D01045", "action_flag": 3, "change_message": ""}}, {"model": "admin.logentry", "pk": 87, "fields": {"action_time": "2021-03-21T12:05:27.777Z", "user": 1, "content_type": 19, "object_id": "6", "object_repr": "E96FF1BBFDAE4E898028E1D34E5B4355", "action_flag": 3, "change_message": ""}}, {"model": "admin.logentry", "pk": 88, "fields": {"action_time": "2021-03-21T12:05:27.778Z", "user": 1, "content_type": 19, "object_id": "5", "object_repr": "0431D4E2C68148D1B2E3714708540498", "action_flag": 3, "change_message": ""}}, {"model": "admin.logentry", "pk": 89, "fields": {"action_time": "2021-03-21T12:05:27.780Z", "user": 1, "content_type": 19, "object_id": "4", "object_repr": "4EB553A806F54010B71C3E4E9804C0BE", "action_flag": 3, "change_message": ""}}, {"model": "admin.logentry", "pk": 90, "fields": {"action_time": "2021-03-21T12:05:27.781Z", "user": 1, "content_type": 19, "object_id": "3", "object_repr": "D1BB9515E5D44051B785C33629AAE515", "action_flag": 3, "change_message": ""}}, {"model": "admin.logentry", "pk": 91, "fields": {"action_time": "2021-03-21T12:05:27.782Z", "user": 1, "content_type": 19, "object_id": "2", "object_repr": "7623FA8CA5C348CE81C0AF713F08CCD6", "action_flag": 3, "change_message": ""}}, {"model": "admin.logentry", "pk": 92, "fields": {"action_time": "2021-03-21T12:05:27.784Z", "user": 1, "content_type": 19, "object_id": "1", "object_repr": "AFE4897DD8394AFDBF9B18399C20580D", "action_flag": 3, "change_message": ""}}, {"model": "admin.logentry", "pk": 93, "fields": {"action_time": "2021-03-21T12:27:26.687Z", "user": 1, "content_type": 19, "object_id": "21", "object_repr": "52FF7B189B594085B4F51C3B7584CCF8", "action_flag": 3, "change_message": ""}}, {"model": "admin.logentry", "pk": 94, "fields": {"action_time": "2021-03-21T12:27:26.691Z", "user": 1, "content_type": 19, "object_id": "20", "object_repr": "C66BA8D9DE2A48D998BB0A238E2337C3", "action_flag": 3, "change_message": ""}}, {"model": "admin.logentry", "pk": 95, "fields": {"action_time": "2021-03-21T12:27:26.692Z", "user": 1, "content_type": 19, "object_id": "19", "object_repr": "7D4556C46BFB4FFB8AC60BD378DB94EC", "action_flag": 3, "change_message": ""}}, {"model": "admin.logentry", "pk": 96, "fields": {"action_time": "2021-03-21T12:27:26.694Z", "user": 1, "content_type": 19, "object_id": "18", "object_repr": "348703E6C0F0417D958218732044D8E1", "action_flag": 3, "change_message": ""}}, {"model": "admin.logentry", "pk": 97, "fields": {"action_time": "2021-03-21T12:27:26.695Z", "user": 1, "content_type": 19, "object_id": "17", "object_repr": "6DE14AD5B0C840169CC37294D5B4F0B3", "action_flag": 3, "change_message": ""}}, {"model": "admin.logentry", "pk": 98, "fields": {"action_time": "2021-03-21T12:43:59.440Z", "user": 1, "content_type": 19, "object_id": "23", "object_repr": "C1B61430D292483FBCEE3D432E100CC2", "action_flag": 3, "change_message": ""}}, {"model": "admin.logentry", "pk": 99, "fields": {"action_time": "2021-03-21T12:43:59.444Z", "user": 1, "content_type": 19, "object_id": "22", "object_repr": "ED00557D979E4139BA332658B598D73B", "action_flag": 3, "change_message": ""}}, {"model": "auth.permission", "pk": 1, "fields": {"name": "Can add log entry", "content_type": 1, "codename": "add_logentry"}}, {"model": "auth.permission", "pk": 2, "fields": {"name": "Can change log entry", "content_type": 1, "codename": "change_logentry"}}, {"model": "auth.permission", "pk": 3, "fields": {"name": "Can delete log entry", "content_type": 1, "codename": "delete_logentry"}}, {"model": "auth.permission", "pk": 4, "fields": {"name": "Can view log entry", "content_type": 1, "codename": "view_logentry"}}, {"model": "auth.permission", "pk": 5, "fields": {"name": "Can add permission", "content_type": 2, "codename": "add_permission"}}, {"model": "auth.permission", "pk": 6, "fields": {"name": "Can change permission", "content_type": 2, "codename": "change_permission"}}, {"model": "auth.permission", "pk": 7, "fields": {"name": "Can delete permission", "content_type": 2, "codename": "delete_permission"}}, {"model": "auth.permission", "pk": 8, "fields": {"name": "Can view permission", "content_type": 2, "codename": "view_permission"}}, {"model": "auth.permission", "pk": 9, "fields": {"name": "Can add group", "content_type": 3, "codename": "add_group"}}, {"model": "auth.permission", "pk": 10, "fields": {"name": "Can change group", "content_type": 3, "codename": "change_group"}}, {"model": "auth.permission", "pk": 11, "fields": {"name": "Can delete group", "content_type": 3, "codename": "delete_group"}}, {"model": "auth.permission", "pk": 12, "fields": {"name": "Can view group", "content_type": 3, "codename": "view_group"}}, {"model": "auth.permission", "pk": 13, "fields": {"name": "Can add user", "content_type": 4, "codename": "add_user"}}, {"model": "auth.permission", "pk": 14, "fields": {"name": "Can change user", "content_type": 4, "codename": "change_user"}}, {"model": "auth.permission", "pk": 15, "fields": {"name": "Can delete user", "content_type": 4, "codename": "delete_user"}}, {"model": "auth.permission", "pk": 16, "fields": {"name": "Can view user", "content_type": 4, "codename": "view_user"}}, {"model": "auth.permission", "pk": 17, "fields": {"name": "Can add content type", "content_type": 5, "codename": "add_contenttype"}}, {"model": "auth.permission", "pk": 18, "fields": {"name": "Can change content type", "content_type": 5, "codename": "change_contenttype"}}, {"model": "auth.permission", "pk": 19, "fields": {"name": "Can delete content type", "content_type": 5, "codename": "delete_contenttype"}}, {"model": "auth.permission", "pk": 20, "fields": {"name": "Can view content type", "content_type": 5, "codename": "view_contenttype"}}, {"model": "auth.permission", "pk": 21, "fields": {"name": "Can add session", "content_type": 6, "codename": "add_session"}}, {"model": "auth.permission", "pk": 22, "fields": {"name": "Can change session", "content_type": 6, "codename": "change_session"}}, {"model": "auth.permission", "pk": 23, "fields": {"name": "Can delete session", "content_type": 6, "codename": "delete_session"}}, {"model": "auth.permission", "pk": 24, "fields": {"name": "Can view session", "content_type": 6, "codename": "view_session"}}, {"model": "auth.permission", "pk": 25, "fields": {"name": "Can add site", "content_type": 7, "codename": "add_site"}}, {"model": "auth.permission", "pk": 26, "fields": {"name": "Can change site", "content_type": 7, "codename": "change_site"}}, {"model": "auth.permission", "pk": 27, "fields": {"name": "Can delete site", "content_type": 7, "codename": "delete_site"}}, {"model": "auth.permission", "pk": 28, "fields": {"name": "Can view site", "content_type": 7, "codename": "view_site"}}, {"model": "auth.permission", "pk": 29, "fields": {"name": "Can add email address", "content_type": 8, "codename": "add_emailaddress"}}, {"model": "auth.permission", "pk": 30, "fields": {"name": "Can change email address", "content_type": 8, "codename": "change_emailaddress"}}, {"model": "auth.permission", "pk": 31, "fields": {"name": "Can delete email address", "content_type": 8, "codename": "delete_emailaddress"}}, {"model": "auth.permission", "pk": 32, "fields": {"name": "Can view email address", "content_type": 8, "codename": "view_emailaddress"}}, {"model": "auth.permission", "pk": 33, "fields": {"name": "Can add email confirmation", "content_type": 9, "codename": "add_emailconfirmation"}}, {"model": "auth.permission", "pk": 34, "fields": {"name": "Can change email confirmation", "content_type": 9, "codename": "change_emailconfirmation"}}, {"model": "auth.permission", "pk": 35, "fields": {"name": "Can delete email confirmation", "content_type": 9, "codename": "delete_emailconfirmation"}}, {"model": "auth.permission", "pk": 36, "fields": {"name": "Can view email confirmation", "content_type": 9, "codename": "view_emailconfirmation"}}, {"model": "auth.permission", "pk": 37, "fields": {"name": "Can add social application", "content_type": 10, "codename": "add_socialapp"}}, {"model": "auth.permission", "pk": 38, "fields": {"name": "Can change social application", "content_type": 10, "codename": "change_socialapp"}}, {"model": "auth.permission", "pk": 39, "fields": {"name": "Can delete social application", "content_type": 10, "codename": "delete_socialapp"}}, {"model": "auth.permission", "pk": 40, "fields": {"name": "Can view social application", "content_type": 10, "codename": "view_socialapp"}}, {"model": "auth.permission", "pk": 41, "fields": {"name": "Can add social account", "content_type": 11, "codename": "add_socialaccount"}}, {"model": "auth.permission", "pk": 42, "fields": {"name": "Can change social account", "content_type": 11, "codename": "change_socialaccount"}}, {"model": "auth.permission", "pk": 43, "fields": {"name": "Can delete social account", "content_type": 11, "codename": "delete_socialaccount"}}, {"model": "auth.permission", "pk": 44, "fields": {"name": "Can view social account", "content_type": 11, "codename": "view_socialaccount"}}, {"model": "auth.permission", "pk": 45, "fields": {"name": "Can add social application token", "content_type": 12, "codename": "add_socialtoken"}}, {"model": "auth.permission", "pk": 46, "fields": {"name": "Can change social application token", "content_type": 12, "codename": "change_socialtoken"}}, {"model": "auth.permission", "pk": 47, "fields": {"name": "Can delete social application token", "content_type": 12, "codename": "delete_socialtoken"}}, {"model": "auth.permission", "pk": 48, "fields": {"name": "Can view social application token", "content_type": 12, "codename": "view_socialtoken"}}, {"model": "auth.permission", "pk": 49, "fields": {"name": "Can add category", "content_type": 13, "codename": "add_category"}}, {"model": "auth.permission", "pk": 50, "fields": {"name": "Can change category", "content_type": 13, "codename": "change_category"}}, {"model": "auth.permission", "pk": 51, "fields": {"name": "Can delete category", "content_type": 13, "codename": "delete_category"}}, {"model": "auth.permission", "pk": 52, "fields": {"name": "Can view category", "content_type": 13, "codename": "view_category"}}, {"model": "auth.permission", "pk": 53, "fields": {"name": "Can add allergens", "content_type": 14, "codename": "add_allergens"}}, {"model": "auth.permission", "pk": 54, "fields": {"name": "Can change allergens", "content_type": 14, "codename": "change_allergens"}}, {"model": "auth.permission", "pk": 55, "fields": {"name": "Can delete allergens", "content_type": 14, "codename": "delete_allergens"}}, {"model": "auth.permission", "pk": 56, "fields": {"name": "Can view allergens", "content_type": 14, "codename": "view_allergens"}}, {"model": "auth.permission", "pk": 57, "fields": {"name": "Can add menu item", "content_type": 15, "codename": "add_menuitem"}}, {"model": "auth.permission", "pk": 58, "fields": {"name": "Can change menu item", "content_type": 15, "codename": "change_menuitem"}}, {"model": "auth.permission", "pk": 59, "fields": {"name": "Can delete menu item", "content_type": 15, "codename": "delete_menuitem"}}, {"model": "auth.permission", "pk": 60, "fields": {"name": "Can view menu item", "content_type": 15, "codename": "view_menuitem"}}, {"model": "auth.permission", "pk": 61, "fields": {"name": "Can add day", "content_type": 16, "codename": "add_day"}}, {"model": "auth.permission", "pk": 62, "fields": {"name": "Can change day", "content_type": 16, "codename": "change_day"}}, {"model": "auth.permission", "pk": 63, "fields": {"name": "Can delete day", "content_type": 16, "codename": "delete_day"}}, {"model": "auth.permission", "pk": 64, "fields": {"name": "Can view day", "content_type": 16, "codename": "view_day"}}, {"model": "auth.permission", "pk": 65, "fields": {"name": "Can add time", "content_type": 17, "codename": "add_time"}}, {"model": "auth.permission", "pk": 66, "fields": {"name": "Can change time", "content_type": 17, "codename": "change_time"}}, {"model": "auth.permission", "pk": 67, "fields": {"name": "Can delete time", "content_type": 17, "codename": "delete_time"}}, {"model": "auth.permission", "pk": 68, "fields": {"name": "Can view time", "content_type": 17, "codename": "view_time"}}, {"model": "auth.permission", "pk": 69, "fields": {"name": "Can add timeslot", "content_type": 18, "codename": "add_timeslot"}}, {"model": "auth.permission", "pk": 70, "fields": {"name": "Can change timeslot", "content_type": 18, "codename": "change_timeslot"}}, {"model": "auth.permission", "pk": 71, "fields": {"name": "Can delete timeslot", "content_type": 18, "codename": "delete_timeslot"}}, {"model": "auth.permission", "pk": 72, "fields": {"name": "Can view timeslot", "content_type": 18, "codename": "view_timeslot"}}, {"model": "auth.permission", "pk": 73, "fields": {"name": "Can add order", "content_type": 19, "codename": "add_order"}}, {"model": "auth.permission", "pk": 74, "fields": {"name": "Can change order", "content_type": 19, "codename": "change_order"}}, {"model": "auth.permission", "pk": 75, "fields": {"name": "Can delete order", "content_type": 19, "codename": "delete_order"}}, {"model": "auth.permission", "pk": 76, "fields": {"name": "Can view order", "content_type": 19, "codename": "view_order"}}, {"model": "auth.permission", "pk": 77, "fields": {"name": "Can add order line item", "content_type": 20, "codename": "add_orderlineitem"}}, {"model": "auth.permission", "pk": 78, "fields": {"name": "Can change order line item", "content_type": 20, "codename": "change_orderlineitem"}}, {"model": "auth.permission", "pk": 79, "fields": {"name": "Can delete order line item", "content_type": 20, "codename": "delete_orderlineitem"}}, {"model": "auth.permission", "pk": 80, "fields": {"name": "Can view order line item", "content_type": 20, "codename": "view_orderlineitem"}}, {"model": "auth.permission", "pk": 81, "fields": {"name": "Can add user profile", "content_type": 21, "codename": "add_userprofile"}}, {"model": "auth.permission", "pk": 82, "fields": {"name": "Can change user profile", "content_type": 21, "codename": "change_userprofile"}}, {"model": "auth.permission", "pk": 83, "fields": {"name": "Can delete user profile", "content_type": 21, "codename": "delete_userprofile"}}, {"model": "auth.permission", "pk": 84, "fields": {"name": "Can view user profile", "content_type": 21, "codename": "view_userprofile"}}, {"model": "auth.user", "pk": 1, "fields": {"password": "pbkdf2_sha256$216000$ixaKpcKcF1iE$rSahU9TRocYXwi8+On19PdwhbR4MsXhH4P8m3/pVJ00=", "last_login": "2021-03-18T17:13:59.837Z", "is_superuser": true, "username": "SuperUser", "first_name": "", "last_name": "", "email": "friendorfaux6@gmail.com", "is_staff": true, "is_active": true, "date_joined": "2021-03-16T11:54:38.202Z", "groups": [], "user_permissions": []}}, {"model": "auth.user", "pk": 2, "fields": {"password": "pbkdf2_sha256$216000$5ohvk42EMy2O$yhaoVaEDlbS13bfSOaTNR8M+vltbtYQj+e4WPTSS290=", "last_login": "2021-03-18T16:16:50.956Z", "is_superuser": false, "username": "test@test.com", "first_name": "", "last_name": "", "email": "test@test.com", "is_staff": false, "is_active": true, "date_joined": "2021-03-18T15:15:51.188Z", "groups": [], "user_permissions": []}}, {"model": "contenttypes.contenttype", "pk": 1, "fields": {"app_label": "admin", "model": "logentry"}}, {"model": "contenttypes.contenttype", "pk": 2, "fields": {"app_label": "auth", "model": "permission"}}, {"model": "contenttypes.contenttype", "pk": 3, "fields": {"app_label": "auth", "model": "group"}}, {"model": "contenttypes.contenttype", "pk": 4, "fields": {"app_label": "auth", "model": "user"}}, {"model": "contenttypes.contenttype", "pk": 5, "fields": {"app_label": "contenttypes", "model": "contenttype"}}, {"model": "contenttypes.contenttype", "pk": 6, "fields": {"app_label": "sessions", "model": "session"}}, {"model": "contenttypes.contenttype", "pk": 7, "fields": {"app_label": "sites", "model": "site"}}, {"model": "contenttypes.contenttype", "pk": 8, "fields": {"app_label": "account", "model": "emailaddress"}}, {"model": "contenttypes.contenttype", "pk": 9, "fields": {"app_label": "account", "model": "emailconfirmation"}}, {"model": "contenttypes.contenttype", "pk": 10, "fields": {"app_label": "socialaccount", "model": "socialapp"}}, {"model": "contenttypes.contenttype", "pk": 11, "fields": {"app_label": "socialaccount", "model": "socialaccount"}}, {"model": "contenttypes.contenttype", "pk": 12, "fields": {"app_label": "socialaccount", "model": "socialtoken"}}, {"model": "contenttypes.contenttype", "pk": 13, "fields": {"app_label": "menu", "model": "category"}}, {"model": "contenttypes.contenttype", "pk": 14, "fields": {"app_label": "menu", "model": "allergens"}}, {"model": "contenttypes.contenttype", "pk": 15, "fields": {"app_label": "menu", "model": "menuitem"}}, {"model": "contenttypes.contenttype", "pk": 16, "fields": {"app_label": "timeslot", "model": "day"}}, {"model": "contenttypes.contenttype", "pk": 17, "fields": {"app_label": "timeslot", "model": "time"}}, {"model": "contenttypes.contenttype", "pk": 18, "fields": {"app_label": "timeslot", "model": "timeslot"}}, {"model": "contenttypes.contenttype", "pk": 19, "fields": {"app_label": "checkout", "model": "order"}}, {"model": "contenttypes.contenttype", "pk": 20, "fields": {"app_label": "checkout", "model": "orderlineitem"}}, {"model": "contenttypes.contenttype", "pk": 21, "fields": {"app_label": "profiles", "model": "userprofile"}}, {"model": "sessions.session", "pk": "72qtaeq0fddh2qakx5ra2ccgs1cdqu4c", "fields": {"session_data": ".eJxVjMsOwiAUBf-FdUN4CKVduvcbyAUuFjXQQGs0xn_XJl3o9syceREL6zLZtWG1KZCRcNL9bg78FfMGwgXyuVBf8lKTo5tCd9roqQS8HXf3LzBBm75vzRlGw0ANMih0jhsfJRqNxgsOg3SDEFyq4AxjmilkEA7RYdRB9Eb0cYs2bC2VbPExp_okI-tIgzvalGMh41JXfH8A9WJFYA:1lO4vf:qSaA7RNoaHEtZF7iC2mRfYJ0J9fET8lNMXxkdJQZCgo", "expire_date": "2021-04-04T20:44:07.363Z"}}, {"model": "sessions.session", "pk": "p7ffcqt5o0lbt1qzy9as53tvng7r9bxi", "fields": {"session_data": ".eJxVjMsOwiAQRf9l1k3Dw1bK0r3fQAYYLGrAQGs0pv-uVRe6Pefe8wCD8zSauVIx0YMGDs0vs-hOlFbhj5gOuXU5TSXadp20X1vbffZ03n23f4ER6_h695xRUAy7QfqOrOXKBUmqJ-UEx0HaQQguO28VYz3riKHfBEuh92KrxDas0Uq1xpwM3S6x3EGzBipeycQUMuipzPQC5zyBfoCQH7I04LC80QY0X5Yn2rtPlg:1lMz9L:D_JsGl1vmnkiJXchecnITjUB5YV0rKs8bJYctFqBiBk", "expire_date": "2021-04-01T20:21:43.246Z"}}, {"model": "sites.site", "pk": 1, "fields": {"domain": "example.com", "name": "example.com"}}, {"model": "account.emailaddress", "pk": 1, "fields": {"user": 1, "email": "friendorfaux6@gmail.com", "verified": true, "primary": true}}, {"model": "account.emailaddress", "pk": 2, "fields": {"user": 2, "email": "test@test.com", "verified": true, "primary": true}}, {"model": "menu.category", "pk": 1, "fields": {"name": "pizza", "friendly_name": "Pizza"}}, {"model": "menu.category", "pk": 2, "fields": {"name": "sides", "friendly_name": "Side Orders"}}, {"model": "menu.category", "pk": 3, "fields": {"name": "sweets", "friendly_name": "Sweets"}}, {"model": "menu.category", "pk": 4, "fields": {"name": "drinks", "friendly_name": "Drinks"}}, {"model": "menu.allergens", "pk": 4, "fields": {"name": "nuts", "friendly_name": "nuts"}}, {"model": "menu.allergens", "pk": 5, "fields": {"name": "peanut", "friendly_name": "peanut"}}, {"model": "menu.menuitem", "pk": 2, "fields": {"category": 1, "name": "Triple Cheese", "description": "Sourdough base, house roasted tomato sauce, mozzarella, scamorza and pecorino", "price": "12.99", "image_url": "https://i.postimg.cc/nX12Xn2B/cheese-pizza.png", "image": "cheese-pizza.png", "spicy": false, "vegetarian": true, "allergens": []}}, {"model": "menu.menuitem", "pk": 3, "fields": {"category": 1, "name": "Pancetta & Sprout", "description": "Sourdough, roast garlic cream, mozzarella, crispy fried pancetta and brussel sprouts", "price": "12.99", "image_url": "https://i.postimg.cc/RZDBWF4r/brussel-sprouts-pancetta-pizza.png", "image": "brussel-sprouts-pancetta-pizza.png", "spicy": false, "vegetarian": false, "allergens": []}}, {"model": "menu.menuitem", "pk": 4, "fields": {"category": 1, "name": "Cauliflower Cheese", "description": "Sourdough, roast garlic bechamel cream, mozzarella, caramelised cauliflower, cheddar", "price": "12.99", "image_url": "https://i.postimg.cc/WpCgwm8t/cauliflower-cheese-pizza.png", "image": "cauliflower-cheese-pizza.png", "spicy": false, "vegetarian": true, "allergens": []}}, {"model": "menu.menuitem", "pk": 5, "fields": {"category": 1, "name": "Margherita", "description": "Sourdough base, house roasted tomato sauce, mozzarella, torn basil", "price": "9.99", "image_url": "https://i.postimg.cc/Hxf4SF5v/margherita-pizza.png", "image": "margherita-pizza.png", "spicy": false, "vegetarian": true, "allergens": []}}, {"model": "menu.menuitem", "pk": 6, "fields": {"category": 1, "name": "Garlic Mushroom", "description": "Sourdough, roasted garlic cream, mozzarella, caramelised onions, mushrooms, torn basil", "price": "12.99", "image_url": "https://i.postimg.cc/5yVQQJ8J/mushrooms-ronion-pizza.png", "image": "mushrooms-ronion-pizza.png", "spicy": false, "vegetarian": true, "allergens": []}}, {"model": "menu.menuitem", "pk": 7, "fields": {"category": 1, "name": "N'Duja", "description": "Sourdough, slow roast tomato sauce, mozzarella, n'duja and torn basil", "price": "12.99", "image_url": "https://i.postimg.cc/g29QwBTD/nduja-pizza.png", "image": "nduja-pizza.png", "spicy": true, "vegetarian": false, "allergens": []}}, {"model": "menu.menuitem", "pk": 8, "fields": {"category": 1, "name": "Pear, Pistachio and Roquefort", "description": "Sourdough, bechamel sauce, mozzarella, pear, roquefort & pistachio", "price": "12.99", "image_url": "https://i.postimg.cc/pd75JzMP/Ricotta-Garlic-cream-base-Cauliflower-lemon-zest-and-chili-Pizza.png", "image": "Ricotta__Garlic_cream_base.__Cauliflower_lemon_zest_and_chili_Pizza.png", "spicy": false, "vegetarian": true, "allergens": []}}, {"model": "menu.menuitem", "pk": 9, "fields": {"category": 1, "name": "Pepperoni", "description": "Sourdough, slow roast tomato sauce, mozzarella, crispy pepperoni cups topped with spicy honey", "price": "12.99", "image_url": "https://i.postimg.cc/sXyZvyYr/pepperoni-pizza.png", "image": "pepperoni-pizza.png", "spicy": true, "vegetarian": false, "allergens": []}}, {"model": "menu.menuitem", "pk": 10, "fields": {"category": 1, "name": "Prosciutto & Basil", "description": "Sourdough, slow roast tomato sauce, mozzarella, prosciut and torn basil", "price": "12.99", "image_url": "https://i.postimg.cc/qvxNSWfD/prosciutto-basil-pizza.png", "image": "prosciutto-basil-pizza.png", "spicy": false, "vegetarian": true, "allergens": []}}, {"model": "menu.menuitem", "pk": 11, "fields": {"category": 1, "name": "Pulled Pork and Burnt Pineapple", "description": "Sourdough, slow roast tomato sauce, mozzarella, pulled pork and caramelised pineapple", "price": "12.99", "image_url": "https://i.postimg.cc/qvzF5HC4/pulled-pork-burnt-pineapple-pizza.png", "image": "pulled-pork-burnt-pineapple-pizza.png", "spicy": false, "vegetarian": false, "allergens": []}}, {"model": "menu.menuitem", "pk": 12, "fields": {"category": 1, "name": "Truffle Shuffle", "description": "Sourdough, slow roast garlic bechamel, mozzarella, chestnut mushrooms, fresh truffle and truffle oil drizzle", "price": "16.99", "image_url": "https://i.postimg.cc/W1LZQMdz/truffle-shuffle-pizza.png", "image": "truffle-shuffle-pizza.png", "spicy": false, "vegetarian": true, "allergens": []}}, {"model": "menu.menuitem", "pk": 13, "fields": {"category": 1, "name": "Ricotta, Chili and Lemon", "description": "Sourdough, slow roast tomato sauce, mozzarella, ricotta, courgette, chili and lemon zest", "price": "12.99", "image_url": "https://i.postimg.cc/VvqGXzTW/pear-roquefort-pistachio-pizza.png", "image": "pear-roquefort-pistachio-pizza_71B1Jsx.png", "spicy": true, "vegetarian": false, "allergens": []}}, {"model": "menu.menuitem", "pk": 14, "fields": {"category": 2, "name": "Chicken Wings", "description": "6 x Crispy oven baked wings in classic buffalo hot sauce with butter", "price": "7.99", "image_url": "https://i.postimg.cc/d3ffq5zz/chicken-wings.jpg", "image": "chicken-wings.jpg", "spicy": true, "vegetarian": false, "allergens": []}}, {"model": "menu.menuitem", "pk": 15, "fields": {"category": 2, "name": "Garlic Bread", "description": "6 x French bread slices smothered in garlic butter", "price": "4.99", "image_url": "https://i.postimg.cc/ZnWfDrCj/garlic-bread.jpg", "image": "garlic-bread.jpg", "spicy": false, "vegetarian": false, "allergens": []}}, {"model": "menu.menuitem", "pk": 16, "fields": {"category": 3, "name": "Burnt Basque Cheesecake", "description": "Tangy, creamy, decadent cheesecake", "price": "4.99", "image_url": "https://i.postimg.cc/6QBMNs88/basque-burnt-cheesecake.png", "image": "basque-burnt-cheesecake.png", "spicy": false, "vegetarian": false, "allergens": []}}, {"model": "menu.menuitem", "pk": 17, "fields": {"category": 3, "name": "Miso Choc Chip Cookies", "description": "2 x big cookies.  Sweet and salty, soft and crunch goodness", "price": "4.99", "image_url": "https://i.postimg.cc/d0SNRH0D/miso-choc-chip-cookies.png", "image": "miso-choc-chip-cookies.png", "spicy": false, "vegetarian": false, "allergens": []}}, {"model": "menu.menuitem", "pk": 18, "fields": {"category": 4, "name": "Coke", "description": "Coca-cola", "price": "1.50", "image_url": "https://i.postimg.cc/c17M0kNY/Coca-Cola.jpg", "image": "Coca-Cola.jpg", "spicy": false, "vegetarian": false, "allergens": []}}, {"model": "menu.menuitem", "pk": 19, "fields": {"category": 4, "name": "Diet Coke", "description": "1 calorie", "price": "1.50", "image_url": "https://i.postimg.cc/xTxm1Wpk/Diet-Coke.jpg", "image": "Diet-Coke.jpg", "spicy": false, "vegetarian": false, "allergens": []}}, {"model": "menu.menuitem", "pk": 20, "fields": {"category": 4, "name": "Coke Zero", "description": "Zero sugar", "price": "1.50", "image_url": "https://i.postimg.cc/Ss14M7BG/Coke-Zero-Sugar.jpg", "image": "Coke-Zero-Sugar.jpg", "spicy": false, "vegetarian": false, "allergens": []}}, {"model": "menu.menuitem", "pk": 21, "fields": {"category": 4, "name": "Fanta Orange", "description": "Tangy boi", "price": "1.50", "image_url": "https://i.postimg.cc/Bvqf7Vsg/Fanta-Orange.jpg", "image": "Fanta-Orange.jpg", "spicy": false, "vegetarian": false, "allergens": []}}, {"model": "menu.menuitem", "pk": 22, "fields": {"category": 4, "name": "Fanta Lemon", "description": "Even tangier boi", "price": "1.50", "image_url": "https://i.postimg.cc/5NBxPvLf/Fanta-Lemon.jpg", "image": "Fanta-Lemon.jpg", "spicy": false, "vegetarian": false, "allergens": []}}, {"model": "menu.menuitem", "pk": 23, "fields": {"category": 4, "name": "Sprite", "description": "Clear and tangy", "price": "1.50", "image_url": "https://i.postimg.cc/cJV2ykG2/Sprite.jpg", "image": "Sprite.jpg", "spicy": false, "vegetarian": false, "allergens": []}}, {"model": "timeslot.day", "pk": 1, "fields": {"name": "Thursday"}}, {"model": "timeslot.day", "pk": 5, "fields": {"name": "Friday"}}, {"model": "timeslot.day", "pk": 6, "fields": {"name": "Saturday"}}, {"model": "timeslot.timeslot", "pk": 1, "fields": {"day": 1, "start_time": "17:00:00", "end_time": "17:30:00", "available_slots": 9}}, {"model": "timeslot.timeslot", "pk": 5, "fields": {"day": 5, "start_time": "17:00:00", "end_time": "17:30:00", "available_slots": 8}}, {"model": "timeslot.timeslot", "pk": 6, "fields": {"day": 5, "start_time": "17:30:00", "end_time": "18:00:00", "available_slots": 10}}, {"model": "timeslot.timeslot", "pk": 7, "fields": {"day": 1, "start_time": "17:30:00", "end_time": "18:00:00", "available_slots": 10}}, {"model": "timeslot.timeslot", "pk": 8, "fields": {"day": 1, "start_time": "18:00:00", "end_time": "18:30:00", "available_slots": 10}}, {"model": "timeslot.timeslot", "pk": 9, "fields": {"day": 1, "start_time": "18:30:00", "end_time": "19:00:00", "available_slots": 9}}, {"model": "timeslot.timeslot", "pk": 10, "fields": {"day": 1, "start_time": "19:00:00", "end_time": "19:30:00", "available_slots": 10}}, {"model": "timeslot.timeslot", "pk": 11, "fields": {"day": 1, "start_time": "19:30:00", "end_time": "20:00:00", "available_slots": 10}}, {"model": "timeslot.timeslot", "pk": 12, "fields": {"day": 1, "start_time": "20:00:00", "end_time": "20:30:00", "available_slots": 10}}, {"model": "timeslot.timeslot", "pk": 13, "fields": {"day": 1, "start_time": "20:30:00", "end_time": "21:00:00", "available_slots": 10}}, {"model": "timeslot.timeslot", "pk": 14, "fields": {"day": 5, "start_time": "18:00:00", "end_time": "18:30:00", "available_slots": 10}}, {"model": "timeslot.timeslot", "pk": 15, "fields": {"day": 5, "start_time": "18:30:00", "end_time": "19:00:00", "available_slots": 9}}, {"model": "timeslot.timeslot", "pk": 16, "fields": {"day": 5, "start_time": "19:00:00", "end_time": "19:30:00", "available_slots": 9}}, {"model": "timeslot.timeslot", "pk": 17, "fields": {"day": 5, "start_time": "19:30:00", "end_time": "20:00:00", "available_slots": 10}}, {"model": "timeslot.timeslot", "pk": 18, "fields": {"day": 5, "start_time": "20:00:00", "end_time": "20:30:00", "available_slots": 10}}, {"model": "timeslot.timeslot", "pk": 19, "fields": {"day": 5, "start_time": "20:30:00", "end_time": "21:00:00", "available_slots": 10}}, {"model": "timeslot.timeslot", "pk": 20, "fields": {"day": 6, "start_time": "16:00:00", "end_time": "16:30:00", "available_slots": 10}}, {"model": "timeslot.timeslot", "pk": 21, "fields": {"day": 6, "start_time": "16:30:00", "end_time": "17:00:00", "available_slots": 10}}, {"model": "timeslot.timeslot", "pk": 22, "fields": {"day": 6, "start_time": "17:00:00", "end_time": "17:30:00", "available_slots": 8}}, {"model": "timeslot.timeslot", "pk": 23, "fields": {"day": 6, "start_time": "17:30:00", "end_time": "18:00:00", "available_slots": 10}}, {"model": "timeslot.timeslot", "pk": 24, "fields": {"day": 6, "start_time": "18:00:00", "end_time": "18:30:00", "available_slots": 10}}, {"model": "timeslot.timeslot", "pk": 25, "fields": {"day": 6, "start_time": "18:30:00", "end_time": "19:00:00", "available_slots": 10}}, {"model": "timeslot.timeslot", "pk": 26, "fields": {"day": 6, "start_time": "19:00:00", "end_time": "19:30:00", "available_slots": 10}}, {"model": "timeslot.timeslot", "pk": 27, "fields": {"day": 6, "start_time": "19:30:00", "end_time": "20:00:00", "available_slots": 10}}, {"model": "timeslot.timeslot", "pk": 28, "fields": {"day": 6, "start_time": "20:00:00", "end_time": "20:30:00", "available_slots": 10}}, {"model": "timeslot.timeslot", "pk": 29, "fields": {"day": 6, "start_time": "20:30:00", "end_time": "21:00:00", "available_slots": 10}}, {"model": "timeslot.timeslot", "pk": 30, "fields": {"day": 6, "start_time": "21:00:00", "end_time": "21:30:00", "available_slots": 10}}, {"model": "timeslot.timeslot", "pk": 32, "fields": {"day": 6, "start_time": "21:30:00", "end_time": "22:00:00", "available_slots": 10}}, {"model": "checkout.order", "pk": 1, "fields": {"order_number": "F350AB1CBF38444887491B482066FD96", "user_profile": 1, "full_name": "Mr M A Johnston", "street_address1": "16 Saint Johns Avenue", "street_address2": "dbfdfbdfsdfsb", "town_or_city": "Belfast", "county": "dbfdfsbdfsbdfs", "postcode": "BT7 3JE", "email": "friendorfaux6@gmail.com", "delivery_info": null, "timeslot": 20, "phone_number": "07847301219", "date": "2021-03-21T12:46:33.950Z", "delivery_cost": "2.00", "order_total": "12.99", "grand_total": "14.99", "original_cart": "{\"9\": 1}", "stripe_pid": "pi_1IXQfjKBTecb2BhiR6UE4HwA"}}, {"model": "checkout.order", "pk": 2, "fields": {"order_number": "026DE9CB5FAF4ACCB10C5EFC031EEB2E", "user_profile": 1, "full_name": "Mr M A Johnston", "street_address1": "16 Saint Johns Avenue", "street_address2": "dbfdfbdfsdfsb", "town_or_city": "Belfast", "county": "dbfdfsbdfsbdfs", "postcode": "BT7 3JE", "email": "friendorfaux6@gmail.com", "delivery_info": null, "timeslot": 20, "phone_number": "07847301219", "date": "2021-03-21T12:48:15.389Z", "delivery_cost": "2.00", "order_total": "32.47", "grand_total": "34.47", "original_cart": "{\"3\": 1, \"2\": 1, \"16\": 1, \"20\": 1}", "stripe_pid": "pi_1IXQhOKBTecb2BhiOSDFcdZA"}}, {"model": "checkout.order", "pk": 3, "fields": {"order_number": "97DDA195EE224A8D9E3B32AE11B86BBE", "user_profile": 1, "full_name": "Mr M A Johnston", "street_address1": "16 Saint Johns Avenue", "street_address2": "dbfdfbdfsdfsb", "town_or_city": "Belfast", "county": "dbfdfsbdfsbdfs", "postcode": "BT7 3JE", "email": "friendorfaux6@gmail.com", "delivery_info": null, "timeslot": 29, "phone_number": "07847301219", "date": "2021-03-21T12:52:21.500Z", "delivery_cost": "2.00", "order_total": "28.97", "grand_total": "30.97", "original_cart": "{\"14\": 2, \"9\": 1}", "stripe_pid": "pi_1IXQlJKBTecb2BhijkozihaQ"}}, {"model": "checkout.order", "pk": 4, "fields": {"order_number": "109E884D9F5C4A57986D67A5192959B4", "user_profile": 1, "full_name": "Mr M A Johnston", "street_address1": "16 Saint Johns Avenue", "street_address2": "dbfdfbdfsdfsb", "town_or_city": "Belfast", "county": "dbfdfsbdfsbdfs", "postcode": "BT7 3JE", "email": "friendorfaux6@gmail.com", "delivery_info": null, "timeslot": 22, "phone_number": "07847301219", "date": "2021-03-21T12:54:15.967Z", "delivery_cost": "2.00", "order_total": "9.99", "grand_total": "11.99", "original_cart": "{\"5\": 1}", "stripe_pid": "pi_1IXQnCKBTecb2BhiqfA1oaIi"}}, {"model": "checkout.order", "pk": 5, "fields": {"order_number": "B891AD5345574CC1A030172B46A3978F", "user_profile": 1, "full_name": "Mr M A Johnston", "street_address1": "16 Saint Johns Avenue", "street_address2": "dbfdfbdfsdfsb", "town_or_city": "Belfast", "county": "dbfdfsbdfsbdfs", "postcode": "BT7 3JE", "email": "friendorfaux6@gmail.com", "delivery_info": null, "timeslot": 20, "phone_number": "07847301219", "date": "2021-03-21T13:14:07.310Z", "delivery_cost": "2.00", "order_total": "43.96", "grand_total": "45.96", "original_cart": "{\"6\": 1, \"17\": 1, \"2\": 1, \"11\": 1}", "stripe_pid": "pi_1IXR6IKBTecb2BhigQw0hpbD"}}, {"model": "checkout.order", "pk": 6, "fields": {"order_number": "4FF1FDA6ED344C1AB72357444D6FAB9D", "user_profile": 1, "full_name": "Mr M A Johnston", "street_address1": "16 Saint Johns Avenue", "street_address2": "dbfdfbdfsdfsb", "town_or_city": "Belfast", "county": "dbfdfsbdfsbdfs", "postcode": "BT7 3JE", "email": "friendorfaux6@gmail.com", "delivery_info": null, "timeslot": 16, "phone_number": "07847301219", "date": "2021-03-21T13:53:27.455Z", "delivery_cost": "2.00", "order_total": "12.99", "grand_total": "14.99", "original_cart": "{\"4\": 1}", "stripe_pid": "pi_1IXRiTKBTecb2Bhiea87Mcrn"}}, {"model": "checkout.order", "pk": 7, "fields": {"order_number": "365706C40B784A8DB1FE06C188288FCE", "user_profile": 1, "full_name": "Mr M A Johnston", "street_address1": "16 Saint Johns Avenue", "street_address2": "dbfdfbdfsdfsb", "town_or_city": "Belfast", "county": "dbfdfsbdfsbdfs", "postcode": "BT7 3JE", "email": "friendorfaux6@gmail.com", "delivery_info": null, "timeslot": 5, "phone_number": "07847301219", "date": "2021-03-21T20:31:16.669Z", "delivery_cost": "2.00", "order_total": "52.95", "grand_total": "54.95", "original_cart": "{\"4\": 1, \"5\": 4}", "stripe_pid": "pi_1IXXvNKBTecb2BhiStLBnWwd"}}, {"model": "checkout.order", "pk": 8, "fields": {"order_number": "54DE5ACE1E24433FB6D5B95858AFD341", "user_profile": 1, "full_name": "Mr M A Johnston", "street_address1": "16 Saint Johns Avenue", "street_address2": "dbfdfbdfsdfsb", "town_or_city": "Belfast", "county": "dbfdfsbdfsbdfs", "postcode": "BT7 3JE", "email": "friendorfaux6@gmail.com", "delivery_info": null, "timeslot": 5, "phone_number": "07847301219", "date": "2021-03-21T20:35:22.117Z", "delivery_cost": "2.00", "order_total": "25.98", "grand_total": "27.98", "original_cart": "{\"4\": 1, \"7\": 1}", "stripe_pid": "pi_1IXXzNKBTecb2BhiIIXaDO9L"}}, {"model": "checkout.order", "pk": 9, "fields": {"order_number": "A93758177E4F473A92B5DEBCAA7C3BC1", "user_profile": 1, "full_name": "Mr M A Johnston", "street_address1": "16 Saint Johns Avenue", "street_address2": "dbfdfbdfsdfsb", "town_or_city": "Belfast", "county": "dbfdfsbdfsbdfs", "postcode": "BT7 3JE", "email": "friendorfaux6@gmail.com", "delivery_info": "knock 3 times", "timeslot": 1, "phone_number": "07847301219", "date": "2021-03-21T20:38:59.190Z", "delivery_cost": "2.00", "order_total": "12.99", "grand_total": "14.99", "original_cart": "{\"13\": 1}", "stripe_pid": "pi_1IXY2uKBTecb2Bhit04K0B8A"}}, {"model": "checkout.order", "pk": 10, "fields": {"order_number": "CDA0A61B31154FD0A91CF66C901CF386", "user_profile": 1, "full_name": "Mr M A Johnston", "street_address1": "16 Saint Johns Avenue", "street_address2": "dbfdfbdfsdfsb", "town_or_city": "Belfast", "county": "dbfdfsbdfsbdfs", "postcode": "BT7 3JE", "email": "friendorfaux6@gmail.com", "delivery_info": null, "timeslot": 16, "phone_number": "07847301219", "date": "2021-03-21T20:39:26.193Z", "delivery_cost": "2.00", "order_total": "12.99", "grand_total": "14.99", "original_cart": "{\"8\": 1}", "stripe_pid": "pi_1IXY3MKBTecb2Bhi1eQIF3Xw"}}, {"model": "checkout.order", "pk": 11, "fields": {"order_number": "F5F1731DEEE74188A1B340696049CE49", "user_profile": 1, "full_name": "Mr M A Johnston", "street_address1": "16 Saint Johns Avenue", "street_address2": "dbfdfbdfsdfsb", "town_or_city": "Belfast", "county": "dbfdfsbdfsbdfs", "postcode": "BT7 3JE", "email": "friendorfaux6@gmail.com", "delivery_info": "knock 3 times", "timeslot": 22, "phone_number": "07847301219", "date": "2021-03-21T20:41:23.099Z", "delivery_cost": "2.00", "order_total": "9.99", "grand_total": "11.99", "original_cart": "{\"5\": 1}", "stripe_pid": "pi_1IXY5BKBTecb2BhidRvqCLrX"}}, {"model": "checkout.order", "pk": 12, "fields": {"order_number": "0D9651CA03B84EC0B22800113D64998F", "user_profile": 1, "full_name": "Mr M A Johnston", "street_address1": "16 Saint Johns Avenue", "street_address2": "dbfdfbdfsdfsb", "town_or_city": "Belfast", "county": "dbfdfsbdfsbdfs", "postcode": "BT7 3JE", "email": "friendorfaux6@gmail.com", "delivery_info": null, "timeslot": 15, "phone_number": "07847301219", "date": "2021-03-21T20:42:35.946Z", "delivery_cost": "2.00", "order_total": "12.99", "grand_total": "14.99", "original_cart": "{\"9\": 1}", "stripe_pid": "pi_1IXY6PKBTecb2BhiwxwSD7T0"}}, {"model": "checkout.order", "pk": 13, "fields": {"order_number": "D42D98D1745E4A5A8DC3842BB9BADE1B", "user_profile": 1, "full_name": "Mr M A Johnston", "street_address1": "16 Saint Johns Avenue", "street_address2": "dbfdfbdfsdfsb", "town_or_city": "Belfast", "county": "dbfdfsbdfsbdfs", "postcode": "BT7 3JE", "email": "friendorfaux6@gmail.com", "delivery_info": "leave at the door", "timeslot": 22, "phone_number": "07847301219", "date": "2021-03-21T20:43:19.521Z", "delivery_cost": "2.00", "order_total": "9.99", "grand_total": "11.99", "original_cart": "{\"5\": 1}", "stripe_pid": "pi_1IXY71KBTecb2BhiRKp5u3qE"}}, {"model": "checkout.order", "pk": 14, "fields": {"order_number": "A0AC810B2C374EE4B2B85060507F781A", "user_profile": 1, "full_name": "Mr M A Johnston", "street_address1": "16 Saint Johns Avenue", "street_address2": "dbfdfbdfsdfsb", "town_or_city": "Belfast", "county": "dbfdfsbdfsbdfs", "postcode": "BT7 3JE", "email": "friendorfaux6@gmail.com", "delivery_info": "fire it through the letterbox", "timeslot": 9, "phone_number": "07847301219", "date": "2021-03-21T20:44:07.329Z", "delivery_cost": "2.00", "order_total": "4.99", "grand_total": "6.99", "original_cart": "{\"16\": 1}", "stripe_pid": "pi_1IXY7lKBTecb2Bhi3BgqL5Ri"}}, {"model": "checkout.orderlineitem", "pk": 30, "fields": {"order": 1, "item": 9, "quantity": 1, "lineitem_total": "12.99"}}, {"model": "checkout.orderlineitem", "pk": 31, "fields": {"order": 2, "item": 3, "quantity": 1, "lineitem_total": "12.99"}}, {"model": "checkout.orderlineitem", "pk": 32, "fields": {"order": 2, "item": 2, "quantity": 1, "lineitem_total": "12.99"}}, {"model": "checkout.orderlineitem", "pk": 33, "fields": {"order": 2, "item": 16, "quantity": 1, "lineitem_total": "4.99"}}, {"model": "checkout.orderlineitem", "pk": 34, "fields": {"order": 2, "item": 20, "quantity": 1, "lineitem_total": "1.50"}}, {"model": "checkout.orderlineitem", "pk": 35, "fields": {"order": 3, "item": 14, "quantity": 2, "lineitem_total": "15.98"}}, {"model": "checkout.orderlineitem", "pk": 36, "fields": {"order": 3, "item": 9, "quantity": 1, "lineitem_total": "12.99"}}, {"model": "checkout.orderlineitem", "pk": 37, "fields": {"order": 4, "item": 5, "quantity": 1, "lineitem_total": "9.99"}}, {"model": "checkout.orderlineitem", "pk": 38, "fields": {"order": 5, "item": 6, "quantity": 1, "lineitem_total": "12.99"}}, {"model": "checkout.orderlineitem", "pk": 39, "fields": {"order": 5, "item": 17, "quantity": 1, "lineitem_total": "4.99"}}, {"model": "checkout.orderlineitem", "pk": 40, "fields": {"order": 5, "item": 2, "quantity": 1, "lineitem_total": "12.99"}}, {"model": "checkout.orderlineitem", "pk": 41, "fields": {"order": 5, "item": 11, "quantity": 1, "lineitem_total": "12.99"}}, {"model": "checkout.orderlineitem", "pk": 42, "fields": {"order": 6, "item": 4, "quantity": 1, "lineitem_total": "12.99"}}, {"model": "checkout.orderlineitem", "pk": 43, "fields": {"order": 7, "item": 4, "quantity": 1, "lineitem_total": "12.99"}}, {"model": "checkout.orderlineitem", "pk": 44, "fields": {"order": 7, "item": 5, "quantity": 4, "lineitem_total": "39.96"}}, {"model": "checkout.orderlineitem", "pk": 45, "fields": {"order": 8, "item": 4, "quantity": 1, "lineitem_total": "12.99"}}, {"model": "checkout.orderlineitem", "pk": 46, "fields": {"order": 8, "item": 7, "quantity": 1, "lineitem_total": "12.99"}}, {"model": "checkout.orderlineitem", "pk": 47, "fields": {"order": 9, "item": 13, "quantity": 1, "lineitem_total": "12.99"}}, {"model": "checkout.orderlineitem", "pk": 48, "fields": {"order": 10, "item": 8, "quantity": 1, "lineitem_total": "12.99"}}, {"model": "checkout.orderlineitem", "pk": 49, "fields": {"order": 11, "item": 5, "quantity": 1, "lineitem_total": "9.99"}}, {"model": "checkout.orderlineitem", "pk": 50, "fields": {"order": 12, "item": 9, "quantity": 1, "lineitem_total": "12.99"}}, {"model": "checkout.orderlineitem", "pk": 51, "fields": {"order": 13, "item": 5, "quantity": 1, "lineitem_total": "9.99"}}, {"model": "checkout.orderlineitem", "pk": 52, "fields": {"order": 14, "item": 16, "quantity": 1, "lineitem_total": "4.99"}}, {"model": "profiles.userprofile", "pk": 1, "fields": {"user": 1, "default_full_name": "Mr M A Johnston", "default_street_address1": "16 Saint Johns Avenue", "default_street_address2": "dbfdfbdfsdfsb", "default_town_or_city": "Belfast", "default_county": "dbfdfsbdfsbdfs", "default_postcode": "BT7 3JE", "default_phone_number": "07847301219"}}, {"model": "profiles.userprofile", "pk": 2, "fields": {"user": 2, "default_full_name": "Bumbles", "default_street_address1": "25 Knockbreda Road", "default_street_address2": "speed", "default_town_or_city": "Belfast", "default_county": "conor", "default_postcode": "BT6 0JA", "default_phone_number": "02890645545"}}]